19455 East Clausen Road Turlock CA,1301 New Savannah Road Augusta GA,One South Street Peoria IL,1801 Maury Street Des Moines IA,1330 Lime Kiln Road Green Bay WI
4136 Lander Ave Turlock CA,1910 Old Savannah Rd Augusta GA,1025 S Brown St Peoria IL,1610 E Vine St Des Moines IA,249 Josart Ct Green Bay WI
737 E Clausen Rd Turlock,1001 Turpin St Augusta GA,1500 W Garden St Peoria IL,1601 E Court Ave Des Moines IA,298 Huguet Ct Green Bay WI
725 E Clausen Rd Turlock CA,2281 Essex Dr Augusta GA,1019 S Shelley St Peoria IL,103 Astor St Des Moines IA,1641 Fiesta Ln Green Bay WI
400 E Clausen Rd Turlock CA,2296 Darlington Dr Augusta GA,1539 W Moss Ave Peoria IL,1512 E Vine St Des Moines IA,929 Bellevue St Green Bay WI
330 E Clausen Rd Turlock CA,1053 Daniel St Augusta GA,1515 W Barker Ave Peoria IL,1605 Capitol Ave Des Moines IA,1620 Windsor Dr Green Bay WI
119 E Clausen Rd Turlock CA,1010 Perry Ave Augusta GA,1213 W Moss Ave Peoria IL,1704 Des Moines St Des Moines IA,1740 Fiesta Ln Green Bay WI
806 E Harding Rd Turlock CA,839 D'Antignac St Augusta GA,924 S Helen St Peoria IL,1213 Hutton St Des Moines IA,523 Laura St Green Bay WI
4124 Lander Ave Turlock CA,2131 Kennedy Dr Augusta GA,952 S Shelley St Peoria IL,1344 E 17th St Des Moines IA,110 Corsten Ct Green Bay WI
19428 E Clausen Rd Turlock CA,1770 Pine Tree Rd Augusta GA,1025 S Brown St Peoria IL,2312 Dean Ave Des Moines IA,1834 Debra Ln Green Bay WI
2100 N Johnson Rd Turlock CA,1732 Holly Hill Rd Augusta GA,1541 W Butler St Peoria IL,2204 Dean Ave Des Moines IA,1901 Fiesta Ln Green Bay WI
1883 Peony Ln Turlock CA,2005 Lanier Dr Augusta GA,1210 N Elmwood Ave Peoria IL,1341 E 26th St Des Moines IA,1554 Elm St Green Bay WI
2485 Tigers Dr Turlock CA,,1814 N Underhill St Peoria IL,1615 E 27th Ct Des Moines IA,1215 Reber St Green Bay WI
,,,1909 E 29th St Des Moines IA,